has_identifiers	id_kind	id_accession	id_name	id_integer	id_sequence_number	id_application_number	id_database	id_country	id_locus	id_entry	id_chain	id_patent	id_string	amino_acids_string	comment
1	sp	A0A286YEV6	SCGR4_HUMAN											MGCCGCGSCGGCGGRCGGGCGGGCSGGCGGGCGGGCGGGCGSCTTCRCYRVGCCSSCCPCCRGCCGGCCSTPVICCCRRTCGSCGCGYGKGCCQQKCCCQKQCCC	Small cysteine and glycine repeat-containing protein 4 OS=Homo sapiens OX=9606 GN=SCYGR4 PE=1 SV=1
1	sp	A0A3B3IT33	TR51G_HUMAN											MNSGILQVFQRELICPICMNYFIDPVTIDCGHSFCRPCFYLNWQDMAVLAQCSKCKKTTRQRNLKTNICLKNMASIARKASLRQFLSSEEQICGTHRETKEMFCEVDKSLLCLLCSNSQEHRNHRHCPTEWAAEERREELLRKMQSLWRKMCENHRNLNMATNRIRCWKDYVSLRIEAIRAEYHKMVAFFHEEEQRHLERLQKEGEDIFQQLNESKARMEHSRELLRGMYEDLRQMCHKAVVELFQSFGDILQRYESLLLQVSEPVNPEFSAGPIIGLMDRLKGFRVYLTLQHARASSHIFLHGDLRSMKVGCDPQHDPNITDKSECFLQWGADFFISGKFYWEFNMGHSWNWAFGVCNNYWKEKRQNDMIDGEVGLFLLGCVKEDTHCSLFTTSPLVMQYVPRPTDTVGLFLDCEGRTVSFVDVDRSSLIYTIPNCSFSPPLWPIICCSHF	Putative tripartite motif-containing protein 51G OS=Homo sapiens OX=9606 GN=TRIM51G PE=5 SV=1
1	sp	A6NFH5	FBP12_HUMAN											MIDQLQGTWKSISCENSEDYMKELGIGRASRKLGRLAKPTVTISTDGDVITIKTKSIFKNNEISFKLGEEFEEITPGGHKTKSKVTLDKESLIQVQDWDGKETTITRKLVDGKMVVESTVNSVICTRTYEKVSSNSVSNS	Fatty acid-binding protein 12 OS=Homo sapiens OX=9606 GN=FABP12 PE=2 SV=2
1	sp	A6NI73	LIRA5_HUMAN											MAPWSHPSAQLQPVGGDAVSPALMVLLCLGLSLGPRTHVQAGNLSKATLWAEPGSVISRGNSVTIRCQGTLEAQEYRLVKEGSPEPWDTQNPLEPKNKARFSIPSMTEHHAGRYRCYYYSPAGWSEPSDPLELVVTGFYNKPTLSALPSPVVTSGENVTLQCGSRLRFDRFILTEEGDHKLSWTLDSQLTPSGQFQALFPVGPVTPSHRWMLRCYGSRRHILQVWSEPSDLLEIPVSGAADNLSPSQNKSDSGTASHLQDYAVENLIRMGMAGLILVVLGILIFQDWHSQRSPQAAAGR	Leukocyte immunoglobulin-like receptor subfamily A member 5 OS=Homo sapiens OX=9606 GN=LILRA5 PE=1 SV=1
1	sp	A6NJR5	SPDL3_HUMAN											MQKHYTVAWFLYSAPGVDPSPPCRSLGWKRKKEWSDESEEEPEKELAPEPEETWVVEMLCGLKMKLKQQRVSPILPEHHKDFNSQLAPGVDPSPPHRSFCWKRKREWWDESEESLEEEPRKVLAPEPEEIWVAEMLCGLKMKLKRRRVSLVLPEHHEAFNRLLEDPVIKRFLAWDKDLRVSDKYLLAMVIAYFSRAGLPSWQYQRIHFFLALYLANDMEEDDEDPKQNIFYFLYGKTRSRIPLIALFQKLRFQFFCSMSGRAWVSREELEEIQAYDPEHWVWARDRARLS	Putative speedy protein-like protein 3 OS=Homo sapiens OX=9606 PE=5 SV=3
1	sp	A6NL46	YF016_HUMAN											MRLCLIPWNTTPHRVLPPVVWSAPSRKKPVLSARNSMMFGHLSPVRNPRLRGKFNLQLPSLDEQVIPTRLPKMEVRAEEPKEATEVKDQVETQGQEDNKTGPCSNGKAASTSRPLETQGNLTSSWYNPRPLEGNVHLKSLTEKNQTDKAQVHAVSFYSKGHGVTSSHSPAGGILPFGKPDPLPAVLPAPVPDCSLWPEKAALKVLGKDHLPSSPGLLMVGEDMQPKDPAALRSSRSSPPRAAGHRPRKRKLSGPPLQLQQTPPLQLRWDRDEGPPPAKLPCLSPEALLVGKASQREGRLQQGNMRKNVRVLSRTSKFRRLRQLLRRRKKRWQGRRGGSRL	Putative UPF0607 protein ENSP00000332738 OS=Homo sapiens OX=9606 PE=3 SV=3
1	sp	A6NNC1	P12LL_HUMAN											MPEQDKDPRVQENPDDQRTVPEVTGDARSAFWPLRDNGGPSPFVPRPGPLQTDLHAQSSEIRYNHTSQTSWTSSSTKRNAISSSYSSTGGLPGLKQRRGPASSRCQLTLSYSKTVSEDRPQAVSSGHTRCEKGADTAPGQTIAPTGGSPRSQDSRPRRRKIPLLPRRRGEPLMLPPPLELGYRVTAEDLHLEKETAFQRINSALHVEDKAIPDCRPSRPSHTLSSLATGASGGPPVSKAPTMDAQQDRPKSQDSLGLLAPLASAAEVPSTAPVSGKKHRPPGPLFSSSDPLPATSYHSRDTAQVTSLIPATFTAASRDAGMRRTRSAPAAATAAPPPSTLNNTSGSLLNAVDGGPSHFLASATAAARAQRSEVRYNQRSQTSRTRSCLKRNASSSSSSHSSTEGLQELKRRRGPASSHCQLAHSSSNTVSEDGPQAVSSGHRCENKAGTAPGQTLAPRGGSPRSQASRPHINSALYVEDKAISDCRPSRPSHTLSSLATGASGGPPVSKAPTMDAQQDRPKSQDCLGLVAPLASAAEVPSTAPVSGKKHRPPGPLFSSSDPLPATSSHSRDSAQVTSLIPATFTAASRDAGMRRTRPGTSAPAAAAAALPPSTLNPTSGSLLNAVDGGPSHFLASATAAARAQRSEVRYNQRSQTSRTRSCLKRNASSSSHSSTEGLQELKRRRGPASSHCQLAHSSSNTVSEDGPQAVSSGHRCENKAGTAPGQTLAPRGGYPRSQASRPRINSALHVEDKAISDCRPSRPSHTLSSLATGASGGPPVSKAPTMDAQQDRPKSQDCLGLLAPLASAAEVSSTAPVSGKKHRPPGPLFSSSDPLPATSSHSGDSAQDTSLIPAPFTPASRDAGIRRMFRVRNCLRGLGLFLLVFSFFFLLTWASFSF	Putative POM121-like protein 1-like OS=Homo sapiens OX=9606 PE=5 SV=3
1	sp	A8MV72	YH009_HUMAN											MLSARNSMMFGHLSPVRIPRLRGKFNLQLPSLDEQVIPARLLKMEVRAEEPKEATEVKDQVETQGQEDNKMGPCSNGEAASTSRPLETQGNLTSSWYNPRPLEGNVHLKSLTEKNQTDKAQVHAVSFYSKGHGVASSHSPAGGILPFGKPDPLPTVLPAPVPGCSLWPEKAALKVLGKDHLPSSPGLLMVGEDMQPKDPAVLGSSRSSPPRAAGHRSRKRKLSGPPLQLQLTPPLQLRWDRDGGPPPAKLPCLSPEALLVGQASQREGRLQQGNMRKNMRVLSRTSKFRRRKQLLRRRKKTRQGRRGGSCL	Putative UPF0607 protein ENSP00000382826 OS=Homo sapiens OX=9606 PE=5 SV=2
1	sp	A8MVM7	YD021_HUMAN											MDKIRHTEADIFKNGSKRMIATVPLRHSIRDRKPSLHFLHSLASSSSLIYRNALLHKSYKLHLQKNKSQKEKHRHSKMKIAYKDTPRNRLSRNAKKCLEDNKLVPISEVSLDPIISSNPLLRWWATSASNDSLLEELNNRFEQITNAWVQVSGDEAENCIHKKREHIENDHFKVASPLETCLLELEVSPVKMLFQKKYDLNELCTWFMQTTETQSLSLVRKANARNPLEVINTRGIKLGTKYSDFNASPFRKHFKKFALSSPSKSAEKLHILHKVANSPLLNVKSNLAIARLKRTEFKRLHHERWKREGKLHNHGTVDWNSKRRNLRFFCQNQFLNKTEGETNADIPLQGKSIVDNQCVLPPEIRGDLQQRVVMPDFKIHASFENKFKSEAKENGTNCSQKDFQKGPRLENVCPNSWRSKTLKDCRIFLRKLNCLEHRNTFKLNTIIYSPESTDSGNTHQTHMEESKRFTLRSHSARQNSFKKQSKEIENANTNNPSADEFADHLGNSKLSKCVNFDKNPDSFEVLSNLNKRKRPPWKITEMSTKRHKRQSCNSGQMANYFSKSLVSKIFGQPNFLAPSMKLVKLGAAKCTSALPHLLICPGFHTNKNIYSRDIEIIFKIYYFNNVDVISFCIW	Putative uncharacterized protein ENSP00000382790 OS=Homo sapiens OX=9606 PE=5 SV=3
1	sp	O00165	HAX1_HUMAN											MSLFDLFRGFFGFPGPRSHRDPFFGGMTRDEDDDEEEEEEGGSWGRGNPRFHSPQHPPEEFGFGFSFSPGGGIRFHDNFGFDDLVRDFNSIFSDMGAWTLPSHPPELPGPESETPGERLREGQTLRDSMLKYPDSHQPRIFGGVLESDARSESPQPAPDWGSQRPFHRFDDVWPMDPHPRTREDNDLDSQVSQEGLGPVLQPQPKSYFKSISVTKITKPDGIVEERRTVVDSEGRTETTVTRHEADSSPRGDPESPRPPALDDAFSILDLFLGRWFRSR	HCLS1-associated protein X-1 OS=Homo sapiens OX=9606 GN=HAX1 PE=1 SV=2
1	sp	O43598	DNPH1_HUMAN											MAAAMVPGRSESWERGEPGRPALYFCGSIRGGREDRTLYERIVSRLRRFGTVLTEHVAAAELGARGEEAAGGDRLIHEQDLEWLQQADVVVAEVTQPSLGVGYELGRAVAFNKRILCLFRPQSGRVLSAMIRGAADGSRFQVWDYEEGEVEALLDRYFEADPPGQVAASPDPTT	2'-deoxynucleoside 5'-phosphate N-hydrolase 1 OS=Homo sapiens OX=9606 GN=DNPH1 PE=1 SV=1
1	sp	O43825	B3GT2_HUMAN											MLQWRRRHCCFAKMTWNAKRSLFRTHLIGVLSLVFLFAMFLFFNHHDWLPGRAGFKENPVTYTFRGFRSTKSETNHSSLRNIWKETVPQTLRPQTATNSNNTDLSPQGVTGLENTLSANGSIYNEKGTGHPNSYHFKYIINEPEKCQEKSPFLILLIAAEPGQIEARRAIRQTWGNESLAPGIQITRIFLLGLSIKLNGYLQRAILEESRQYHDIIQQEYLDTYYNLTIKTLMGMNWVATYCPHIPYVMKTDSDMFVNTEYLINKLLKPDLPPRHNYFTGYLMRGYAPNRNKDSKWYMPPDLYPSERYPVFCSGTGYVFSGDLAEKIFKVSLGIRRLHLEDVYVGICLAKLRIDPVPPPNEFVFNHWRVSYSSCKYSHLITSHQFQPSELIKYWNHLQQNKHNACANAAKEKAGRYRHRKLH	Beta-1,3-galactosyltransferase 2 OS=Homo sapiens OX=9606 GN=B3GALT2 PE=1 SV=1
1	sp	O43866	CD5L_HUMAN											MALLFSLILAICTRPGFLASPSGVRLVGGLHRCEGRVEVEQKGQWGTVCDDGWDIKDVAVLCRELGCGAASGTPSGILYEPPAEKEQKVLIQSVSCTGTEDTLAQCEQEEVYDCSHDEDAGASCENPESSFSPVPEGVRLADGPGHCKGRVEVKHQNQWYTVCQTGWSLRAAKVVCRQLGCGRAVLTQKRCNKHAYGRKPIWLSQMSCSGREATLQDCPSGPWGKNTCNHDEDTWVECEDPFDLRLVGGDNLCSGRLEVLHKGVWGSVCDDNWGEKEDQVVCKQLGCGKSLSPSFRDRKCYGPGVGRIWLDNVRCSGEEQSLEQCQHRFWGFHDCTHQEDVAVICSG	CD5 antigen-like OS=Homo sapiens OX=9606 GN=CD5L PE=1 SV=1
1	sp	O95210	STBD1_HUMAN											MGAVWSALLVGGGLAGALFVWLLRGGPGDTGKDGDAEQEKDAPLGGAAIPGGHQSGSSGLSPGPSGQELVTKPEHLQESNGHLISKTKDLGKLQAASWRLQNPSREVCDNSREHVPSGQFPDTEAPATSETSNSRSYSEVSRNESLESPMGEWGFQKGQEISAKAATCFAEKLPSSNLLKNRAKEEMSLSDLNSQDRVDHEEWEMVPRHSSWGDVGVGGSLKAPVLNLNQGMDNGRSTLVEARGQQVHGKMERVAVMPAGSQQVSVRFQVHYVTSTDVQFIAVTGDHECLGRWNTYIPLHYNKDGFWSHSIFLPADTVVEWKFVLVENGGVTRWEECSNRFLETGHEDKVVHAWWGIH	Starch-binding domain-containing protein 1 OS=Homo sapiens OX=9606 GN=STBD1 PE=1 SV=1
1	sp	O95298	NDUC2_HUMAN											MIARRNPEPLRFLPDEARSLPPPKLTDPRLLYIGFLGYCSGLIDNLIRRRPIATAGLHRQLLYITAFFFAGYYLVKREDYLYAVRDREMFGYMKLHPEDFPEEDKKTYGEIFEKFHPIR	NADH dehydrogenase [ubiquinone] 1 subunit C2 OS=Homo sapiens OX=9606 GN=NDUFC2 PE=1 SV=1
1	sp	O95445	APOM_HUMAN											MFHQIWAALLYFYGIILNSIYQCPEHSQLTTLGVDGKEFPEVHLGQWYFIAGAAPTKEELATFDPVDNIVFNMAAGSAPMQLHLRATIRMKDGLCVPRKWIYHLTEGSTDLRTEGRPDMKTELFSSSCPGGIMLNETGQGYQRFLLYNRSPHPPEKCVEEFKSLTSCLDSKAFLLTPRNQEACELSNN	Apolipoprotein M OS=Homo sapiens OX=9606 GN=APOM PE=1 SV=2
1	sp	P01116	RASK_HUMAN											MTEYKLVVVGAGGVGKSALTIQLIQNHFVDEYDPTIEDSYRKQVVIDGETCLLDILDTAGQEEYSAMRDQYMRTGEGFLCVFAINNTKSFEDIHHYREQIKRVKDSEDVPMVLVGNKCDLPSRTVDTKQAQDLARSYGIPFIETSAKTRQRVEDAFYTLVREIRQYRLKKISKEEKTPGCVKIKKCIIM	GTPase KRas OS=Homo sapiens OX=9606 GN=KRAS PE=1 SV=1
1	sp	P03901	NU4LM_HUMAN											MPLIYMNIMLAFTISLLGMLVYRSHLMSSLLCLEGMMLSLFIMATLMTLNTHSLLANIVPIAMLVFAACEAAVGLALLVSISNTYGLDYVHNLNLLQC	NADH-ubiquinone oxidoreductase chain 4L OS=Homo sapiens OX=9606 GN=MT-ND4L PE=1 SV=1
1	sp	P04432	KVD39_HUMAN											MDMRVPAQLLGLLLLWLRGARCDIQMTQSPSSLSASVGDRVTITCRASQSISSYLNWYQQKPGKAPKLLIYAASSLQSGVPSRFSGSGSGTDFTLTISSLQPEDFATYYCQQSYSTP	Immunoglobulin kappa variable 1D-39 OS=Homo sapiens OX=9606 GN=IGKV1D-39 PE=3 SV=2
1	sp	P07492	GRP_HUMAN											MRGRELPLVLLALVLCLAPRGRAVPLPAGGGTVLTKMYPRGNHWAVGHLMGKKSTGESSSVSERGSLKQQLREYIRWEEAARNLLGLIEAKENRNHQPPQPKALGNQQPSWDSEDSSNFKDVGSKGKVGRLSAPGSQREGRNPQLNQQ	Gastrin-releasing peptide OS=Homo sapiens OX=9606 GN=GRP PE=1 SV=2
1	sp	P0C7T7	FMAS1_HUMAN											MQLGRSGRRSQKQKHEVDEVYFTLTRVDRSCPYLTVPGPPGAESGAPVRLGLRQRAVSSSRNPNSAGRTPNSYLTQAPVWRRSAPAQPPAPQTRHFPGRGADPALGSLPAAGLSGLCARTTGGTAQPPGARDSGASPGAQPQRHRPGCRGPPGSPVIRGPPRCREPGTAHGAQTPPPTRPNWPRRQPSRGSCALSSRQYGERPPAPPWTQPSVPRRGAATWGQEKAEYATPLGTQEARRASGGRGGVDHGDQGLSPCCGDGGARGRRRLPTFWPSGLLRLRLDSLGALPPEPSRAGRGRLFGLSVVLLKRNAGGEATPREGGPRRRWLRESCSPLPARHSRRRASWVSRWMEGAPPRMPSLPL	Putative uncharacterized protein FRMD6-AS1 OS=Homo sapiens OX=9606 GN=FRMD6-AS1 PE=5 SV=1
1	sp	P17081	RHOQ_HUMAN											MAHGPGALMLKCVVVGDGAVGKTCLLMSYANDAFPEEYVPTVFDHYAVSVTVGGKQYLLGLYDTAGQEDYDRLRPLSYPMTDVFLICFSVVNPASFQNVKEEWVPELKEYAPNVPFLLIGTQIDLRDDPKTLARLNDMKEKPICVEQGQKLAKEIGACCYVECSALTQKGLKTVFDEAIIAILTPKKHTVKKRIGSRCINCCLIT	Rho-related GTP-binding protein RhoQ OS=Homo sapiens OX=9606 GN=RHOQ PE=1 SV=2
1	sp	P22304	IDS_HUMAN											MPPPRTGRGLLWLGLVLSSVCVALGSETQANSTTDALNVLLIIVDDLRPSLGCYGDKLVRSPNIDQLASHSLLFQNAFAQQAVCAPSRVSFLTGRRPDTTRLYDFNSYWRVHAGNFSTIPQYFKENGYVTMSVGKVFHPGISSNHTDDSPYSWSFPPYHPSSEKYENTKTCRGPDGELHANLLCPVDVLDVPEGTLPDKQSTEQAIQLLEKMKTSASPFFLAVGYHKPHIPFRYPKEFQKLYPLENITLAPDPEVPDGLPPVAYNPWMDIRQREDVQALNISVPYGPIPVDFQRKIRQSYFASVSYLDTQVGRLLSALDDLQLANSTIIAFTSDHGWALGEHGEWAKYSNFDVATHVPLIFYVPGRTASLPEAGEKLFPYLDPFDSASQLMEPGRQSMDLVELVSLFPTLAGLAGLQVPPRCPVPSFHVELCREGKNLLKHFRFRDLEEDPYLPGNPRELIAYSQYPRPSDIPQWNSDKPSLKDIKIMGYSIRTIDYRYTVWVGFNPDEFLANFSDIHAGELYFVDSDPLQDHNMYNDSQGGDLFQLLMP	Iduronate 2-sulfatase OS=Homo sapiens OX=9606 GN=IDS PE=1 SV=1
1	sp	P29972	AQP1_HUMAN											MASEFKKKLFWRAVVAEFLATTLFVFISIGSALGFKYPVGNNQTAVQDNVKVSLAFGLSIATLAQSVGHISGAHLNPAVTLGLLLSCQISIFRALMYIIAQCVGAIVATAILSGITSSLTGNSLGRNDLADGVNSGQGLGIEIIGTLQLVLCVLATTDRRRRDLGGSAPLAIGLSVALGHLLAIDYTGCGINPARSFGSAVITHNFSNHWIFWVGPFIGGALAVLIYDFILAPRSSDLTDRVKVWTSGQVEEYDLDADDINSRVEMKPK	Aquaporin-1 OS=Homo sapiens OX=9606 GN=AQP1 PE=1 SV=3
1	sp	P30793	GCH1_HUMAN											MEKGPVRAPAEKPRGARCSNGFPERDPPRPGPSRPAEKPPRPEAKSAQPADGWKGERPRSEEDNELNLPNLAAAYSSILSSLGENPQRQGLLKTPWRAASAMQFFTKGYQETISDVLNDAIFDEDHDEMVIVKDIDMFSMCEHHLVPFVGKVHIGYLPNKQVLGLSKLARIVEIYSRRLQVQERLTKQIAVAITEALRPAGVGVVVEATHMCMVMRGVQKMNSKTVTSTMLGVFREDPKTREEFLTLIRS	GTP cyclohydrolase 1 OS=Homo sapiens OX=9606 GN=GCH1 PE=1 SV=1
1	sp	P42224	STAT1_HUMAN											MSQWYELQQLDSKFLEQVHQLYDDSFPMEIRQYLAQWLEKQDWEHAANDVSFATIRFHDLLSQLDDQYSRFSLENNFLLQHNIRKSKRNLQDNFQEDPIQMSMIIYSCLKEERKILENAQRFNQAQSGNIQSTVMLDKQKELDSKVRNVKDKVMCIEHEIKSLEDLQDEYDFKCKTLQNREHETNGVAKSDQKQEQLLLKKMYLMLDNKRKEVVHKIIELLNVTELTQNALINDELVEWKRRQQSACIGGPPNACLDQLQNWFTIVAESLQQVRQQLKKLEELEQKYTYEHDPITKNKQVLWDRTFSLFQQLIQSSFVVERQPCMPTHPQRPLVLKTGVQFTVKLRLLVKLQELNYNLKVKVLFDKDVNERNTVKGFRKFNILGTHTKVMNMEESTNGSLAAEFRHLQLKEQKNAGTRTNEGPLIVTEELHSLSFETQLCQPGLVIDLETTSLPVVVISNVSQLPSGWASILWYNMLVAEPRNLSFFLTPPCARWAQLSEVLSWQFSSVTKRGLNVDQLNMLGEKLLGPNASPDGLIPWTRFCKENINDKNFPFWLWIESILELIKKHLLPLWNDGCIMGFISKERERALLKDQQPGTFLLRFSESSREGAITFTWVERSQNGGEPDFHAVEPYTKKELSAVTFPDIIRNYKVMAAENIPENPLKYLYPNIDKDHAFGKYYSRPKEAPEPMELDGPKGTGYIKTELISVSEVHPSRLQTTDNLLPMSPEEFDEVSRIVGSVEFDSMMNTV	Signal transducer and activator of transcription 1-alpha/beta OS=Homo sapiens OX=9606 GN=STAT1 PE=1 SV=2
1	sp	P46821	MAP1B_HUMAN											MATVVVEATEPEPSGSIANPAASTSPSLSHRFLDSKFYLLVVVGEIVTEEHLRRAIGNIELGIRSWDTNLIECNLDQELKLFVSRHSARFSPEVPGQKILHHRSDVLETVVLINPSDEAVSTEVRLMITDAARHKLLVLTGQCFENTGELILQSGSFSFQNFIEIFTDQEIGELLSTTHPANKASLTLFCPEEGDWKNSNLDRHNLQDFINIKLNSASILPEMEGLSEFTEYLSESVEVPSPFDILEPPTSGGFLKLSKPCCYIFPGGRGDSALFAVNGFNMLINGGSERKSCFWKLIRHLDRVDSILLTHIGDDNLPGINSMLQRKIAELEEEQSQGSTTNSDWMKNLISPDLGVVFLNVPENLKNPEPNIKMKRSIEEACFTLQYLNKLSMKPEPLFRSVGNTIDPVILFQKMGVGKLEMYVLNPVKSSKEMQYFMQQWTGTNKDKAEFILPNGQEVDLPISYLTSVSSLIVWHPANPAEKIIRVLFPGNSTQYNILEGLEKLKHLDFLKQPLATQKDLTGQVPTPVVKQTKLKQRADSRESLKPAAKPLPSKSVRKESKEETPEVTKVNHVEKPPKVESKEKVMVKKDKPIKTETKPSVTEKEVPSKEEPSPVKAEVAEKQATDVKPKAAKEKTVKKETKVKPEDKKEEKEKPKKEVAKKEDKTPIKKEEKPKKEEVKKEVKKEIKKEEKKEPKKEVKKETPPKEVKKEVKKEEKKEVKKEEKEPKKEIKKLPKDAKKSSTPLSEAKKPAALKPKVPKKEESVKKDSVAAGKPKEKGKIKVIKKEGKAAEAVAAAVGTGATTAAVMAAAGIAAIGPAKELEAERSLMSSPEDLTKDFEELKAEEVDVTKDIKPQLELIEDEEKLKETEPVEAYVIQKEREVTKGPAESPDEGITTTEGEGECEQTPEELEPVEKQGVDDIEKFEDEGAGFEESSETGDYEEKAETEEAEEPEEDGEEHVCVSASKHSPTEDEESAKAEADAYIREKRESVASGDDRAEEDMDEAIEKGEAEQSEEEADEEDKAEDAREEEYEPEKMEAEDYVMAVVDKAAEAGGAEEQYGFLTTPTKQLGAQSPGREPASSIHDETLPGGSESEATASDEENREDQPEEFTATSGYTQSTIEISSEPTPMDEMSTPRDVMSDETNNEETESPSQEFVNITKYESSLYSQEYSKPADVTPLNGFSEGSKTDATDGKDYNASASTISPPSSMEEDKFSRSALRDAYCSEVKASTTLDIKDSISAVSSEKVSPSKSPSLSPSPPSPLEKTPLGERSVNFSLTPNEIKVSAEAEVAPVSPEVTQEVVEEHCASPEDKTLEVVSPSQSVTGSAGHTPYYQSPTDEKSSHLPTEVIEKPPAVPVSFEFSDAKDENERASVSPM	Microtubule-associated protein 1B OS=Homo sapiens OX=9606 GN=MAP1B PE=1 SV=2
