abbreviated_gene_species	uniprot_gene_id	index_relative_to_gene	amino_acids_string
MYSC_ACACA	P10569	311	TTGEQGRGRSSVYSCPQDPLG
MYSB_ACACA	P19706	315	NTGGAGAKKMSTYNVPQNVEQ
14333_ARATH	P42644	162	VAYKSASDIATAELAPTHPIR
14333_ARATH	P42644	238	DNLTLWTSDMTDEAGDEIKEA
14335_ARATH	P42645	267	KVDEQAQPPPSQ---------
14331_ARATH	P42643	267	AAAKPADEQQS----------
14339_ARATH	Q96299	239	DNLTLWTSDISEEGGDDAHKT
14334_ARATH	P46077	248	TLWTSDMQDESPEEIKEAAAP
AGD7_ARATH	O80925	173	FRSTDMRRNQSAGDFRSSGGR
AGD7_ARATH	O80925	189	SSGGRGAPAKSKSSEDIYSRS
AGD7_ARATH	O80925	191	GGRGAPAKSKSSEDIYSRSQL
1A12_ARATH	Q06402	483	FRRLYEDGLSSPGIMSPHSPL
1A12_ARATH	Q06402	488	EDGLSSPGIMSPHSPLLRA--
1A12_ARATH	Q06402	491	LSSPGIMSPHSPLLRA-----
AML1_ARATH	Q8W4I9	76	SSFSGSHPSGSPNARNTTNGS
AGD3_ARATH	Q5W7F2	445	SQVPEQRLPGSPMGSGHHRSA
PBL3_ARATH	O49840	87	KNATRNFRPDSLLGEGGFGYV
PBL3_ARATH	O49840	114	GTTLTASKPGSGIVVAVKKLK
ARR2_ARATH	Q9ZWJ9	80	NKNGFDIVISDVHMPDMDGFK
APRR5_ARATH	Q6LA42	499	EKKNEDGYSLSVGKIQQSLQR
ALA4_ARATH	Q9LNQ4	674	SYRKLDEEEYSAWNAEFHKAK
AMT12_ARATH	Q9ZPJ8	472	AEDEMAGMDMTRHGGFAYAYN
ACA8_ARATH	Q9LF79	19	PGRRRGGDVESGKSEHADSDS
ACA8_ARATH	Q9LF79	22	RRGGDVESGKSEHADSDSDTF
ACA8_ARATH	Q9LF79	27	VESGKSEHADSDSDTFYIPSK
ACA8_ARATH	Q9LF79	29	SGKSEHADSDSDTFYIPSKNA
ACA8_ARATH	Q9LF79	31	KSEHADSDSDTFYIPSKNASI
AASS_ARATH	Q9SMZ4	238	AQEIFKLLPHTFVEPSKLPEL
AASS_ARATH	Q9SMZ4	458	LYEYIPRMRKSNPEEAQDNII
AB1B_ARATH	Q9ZR72	631	SSARPSSARNSVSSPIMTRNS
AB1B_ARATH	Q9ZR72	634	RPSSARNSVSSPIMTRNSSYG
AB21B_ARATH	Q9M1Q9	657	TEDSTDEQKLSMESMKRSSLR
AB21B_ARATH	Q9M1Q9	660	STDEQKLSMESMKRSSLRKSS
AB21B_ARATH	Q9M1Q9	681	LSRSLSKRSSSFSMFGFPAGI
ACBP4_ARATH	Q9MA55	8	---MAMPRATSGPAYPERFYA
ACBP4_ARATH	Q9MA55	501	TKTLEAPLPGSLSAVNNATTR
ACBP4_ARATH	Q9MA55	503	TLEAPLPGSLSAVNNATTRDI
ACBP4_ARATH	Q9MA55	515	VNNATTRDIESEVEVSQEGRV
ACBP4_ARATH	Q9MA55	520	TRDIESEVEVSQEGRVREIVM
ACBP4_ARATH	Q9MA55	667	AGSPQEKDDDSP---------
AB3B_ARATH	Q9SYI2	394	ESGSGKSSVISLIERFYDPSS
ALA10_ARATH	Q9LI83	31	CGKSSFQEDHSNIGGPGFSRV
AGD5_ARATH	Q9FL69	131	RWVSRGEKARSPPRVEQERRK
ADH1_ARATH	P06525	60	DVYFWEAKGQTPLFPRIFGHE
ADH1_ARATH	P06525	229	ASRIIGVDFNSKRFDQAKEFG
AB36G_ARATH	Q9XIE2	37	RASRNIEDIFSSGSRRTQSVN
AB36G_ARATH	Q9XIE2	40	RNIEDIFSSGSRRTQSVNDDE
AB36G_ARATH	Q9XIE2	43	EDIFSSGSRRTQSVNDDEEAL
AB36G_ARATH	Q9XIE2	45	IFSSGSRRTQSVNDDEEALKW
AB36G_ARATH	Q9XIE2	494	YKSFHVGTKMSNELAVPFDKS
AB36G_ARATH	Q9XIE2	825	QGKDPMRRSLSTADGNRRGEV
AB36G_ARATH	Q9XIE2	841	RRGEVAMGRMSRDSAAEASGG
AB36G_ARATH	Q9XIE2	844	EVAMGRMSRDSAAEASGGAGN
AB4B_ARATH	O80725	642	AEEQKMSSIESFKQSSLRKSS
AB4B_ARATH	O80725	646	KMSSIESFKQSSLRKSSLGRS
AB4B_ARATH	O80725	647	MSSIESFKQSSLRKSSLGRSL
AB4B_ARATH	O80725	671	GSSRGNSSRHSFNMFGFPAGI
ASPGA_ARATH	P50287	169	NRVQLDYTVPSPKVPDNCGDS
AB22G_ARATH	Q93YS4	66	RKSSRRLMGMSPGRSSGAGTH
ACBP5_ARATH	Q8RWD9	9	--MAHMVRASSGLSYPERFYA
ACBP5_ARATH	Q8RWD9	12	AHMVRASSGLSYPERFYAAAS
ACBP5_ARATH	Q8RWD9	136	KAEPSFESGASFGETKTITSE
ACBP5_ARATH	Q8RWD9	140	SFESGASFGETKTITSEDGRL
ACBP5_ARATH	Q8RWD9	517	VNNATTRDIESEIKVEGKADR
AI5L2_ARATH	Q9LES3	21	AKSQSLNRQSSLYSLTLDEVQ
AI5L2_ARATH	Q9LES3	43	HLGSSGKALGSMNLDELLKSV
AI5L2_ARATH	Q9LES3	81	AAQEGLSRQGSLTLPRDLSKK
AI5L2_ARATH	Q9LES3	118	SAHERRDKQPTLGEMTLEDLL
AI5L2_ARATH	Q9LES3	294	DPKRQLRRTSSAPF-------
AB32G_ARATH	O81016	14	SAENAFSRSTSFKDEIEDEEE
ACCA_ARATH	Q9LD43	741	AAARELAAEESDGSVKEDDDD
AGM1_ARATH	P57750	68	SATVGLMITASHNKVSDNGIK
ACC1_ARATH	Q38970	1031	MFTEDGENMDTPKRKSAINER
ACC1_ARATH	Q38970	1192	INNQMSLLQDSGDEDQAQERV
ALA2_ARATH	P98205	1050	TQPRTIEKDLSPISITQPKNR
ALA1_ARATH	P98204	40	NKEVTFGDLGSKRIRHGSAGA
AGD9_ARATH	Q9FIQ0	169	SLKQEAAVVSSPKASQKVVAS
AGD9_ARATH	Q9FIQ0	307	EARKKFSNAKSISSAQFFGNQ
AGD12_ARATH	Q9FVJ3	151	GSSTKTPAFLSSSLSKKIVDS
AB12G_ARATH	Q9C8K2	661	KKRPSFKKVPSLSSLSSRRHQ
AB12G_ARATH	Q9C8K2	667	KKVPSLSSLSSRRHQPLHSLS
AML5_ARATH	Q8VWF5	34	PSSDATLFSSSLPVFPRGKLQ
AML5_ARATH	Q8VWF5	77	NESADDFESHSIGNLLPDEED
AML5_ARATH	Q8VWF5	384	GSPLQSVLSRSPVFGLSPTRN
AML5_ARATH	Q8VWF5	390	VLSRSPVFGLSPTRNGHLSGL
AML5_ARATH	Q8VWF5	392	SRSPVFGLSPTRNGHLSGLAS
AML5_ARATH	Q8VWF5	522	SRSHHHFHVGSAPSGVPLEKH
AML5_ARATH	Q8VWF5	789	EESKNMDLLDSQLSDDDGRER
AML5_ARATH	Q8VWF5	792	KNMDLLDSQLSDDDGRERS--
ACA4_ARATH	O22218	28	EARQRWRSSVSIVKNRTRRFR
AGL93_ARATH	Q7X9H9	116	LFLRKKILDDTKLSEKVLEME
AB15B_ARATH	Q9LHD1	634	SRVSTLSRSSSANSVTGPSTI
ARP5_ARATH	Q940Z2	542	DNDDDDEQPDSDEAELARLSS
ABIL2_ARATH	Q9M3A3	219	PKKEQDKRSVSPHRFPLLRSG
AB10A_ARATH	Q9FLT4	555	LPSPSVQRQNSENVLIDMEKT
ALE2_ARATH	Q8RWW0	300	SNAVGPALAPSINKRPGAGSM
ALE2_ARATH	Q8RWW0	659	APSDSSWWNLTPRLRYGQASS
ACA10_ARATH	Q9SZR1	20	RGEDKDVEAGTSSFTEYEDSP
AGD8_ARATH	Q8H100	175	SKHEATSATSSPKASNTVVPS
